<button id='RealmeNarzo50APrime' type='button' value='Realme Narzo 50A Prime' onclick='RealmeNarzo50APrime()'>Realme Narzo 50A Prime</button>!4/64 GB4/128 GB! Rs. 38,999  PKR!$. 133
<button id='RealmeC30' type='button' value='Realme C30' onclick='RealmeC30()'>Realme C30</button>!3/32 GB4/64 GB! Rs. 21,999  PKR!$. 75
<button id='RealmeC33' type='button' value='Realme C33' onclick='RealmeC33()'>Realme C33</button>!4/64 GB! Rs. 36,999  PKR!$. 126
<button id='RealmeNarzo50' type='button' value='Realme Narzo 50' onclick='RealmeNarzo50()'>Realme Narzo 50</button>!4/64 GB! Rs. 44,999  PKR!$. 154
<button id='RealmeNarzo50A' type='button' value='Realme Narzo 50A' onclick='RealmeNarzo50A()'>Realme Narzo 50A</button>!4/64 GB! Rs. 45,699  PKR!$. 156
<button id='RealmeC112021' type='button' value='Realme C11 2021' onclick='RealmeC112021()'>Realme C11 2021</button>!2/32 GB4/64 GB! Rs. 21,999  PKR!$. 75
<button id='Realme9' type='button' value='Realme 9' onclick='Realme9()'>Realme 9</button>!8/128 GB! Rs. 74,999  PKR!$. 256
<button id='RealmeC35' type='button' value='Realme C35' onclick='RealmeC35()'>Realme C35</button>!4/128 GB! Rs. 59,999  PKR!$. 205
<button id='Realme9ProPlus' type='button' value='Realme 9 Pro Plus' onclick='Realme9ProPlus()'>Realme 9 Pro Plus</button>!8/128 GB! Rs. 96,999  PKR!$. 332
<button id='Realme9i' type='button' value='Realme 9i' onclick='Realme9i()'>Realme 9i</button>!6/128 GB! Rs. 72,299  PKR!$. 247
<button id='RealmeGTMasterEdition' type='button' value='Realme GT Master Edition' onclick='RealmeGTMasterEdition()'>Realme GT Master Edition</button>!8/128 GB8/256 GB! Rs. 76,999  PKR!$. 263
<button id='RealmeNarzo50i' type='button' value='Realme Narzo 50i' onclick='RealmeNarzo50i()'>Realme Narzo 50i</button>!4/64 GB! Rs. 23,999  PKR!$. 82
<button id='RealmeC21Y' type='button' value='Realme C21Y' onclick='RealmeC21Y()'>Realme C21Y</button>!4/64 GB! Rs. 24,999  PKR!$. 85
<button id='RealmeC25Y' type='button' value='Realme C25Y' onclick='RealmeC25Y()'>Realme C25Y</button>!4/64 GB! Rs. 49,999  PKR!$. 171
<button id='RealmeC25s' type='button' value='Realme C25s' onclick='RealmeC25s()'>Realme C25s</button>!4/64 GB4/128 GB! Rs. 44,999  PKR!$. 154
<button id='RealmeNarzo30' type='button' value='Realme Narzo 30' onclick='RealmeNarzo30()'>Realme Narzo 30</button>!6/128 GB! Rs. 33,999  PKR!$. 116
<button id='Realme8' type='button' value='Realme 8' onclick='Realme8()'>Realme 8</button>!8/128 GB! Rs. 39,999  PKR!$. 136
<button id='Realme8Pro' type='button' value='Realme 8 Pro' onclick='Realme8Pro()'>Realme 8 Pro</button>!8/128 GB! Rs. 47,999  PKR!$. 164
<button id='RealmeC25' type='button' value='Realme C25' onclick='RealmeC25()'>Realme C25</button>!4/128 GB! Rs. 26,999  PKR!$. 92
<button id='RealmeC21' type='button' value='Realme C21' onclick='RealmeC21()'>Realme C21</button>!3/32 GB4/64 GB! Rs. 29,999  PKR!$. 102
